<?xml version="1.0" encoding="UTF-8"?>
<beans xmlns:xsi="http://www.w3.org/2001/XMLSchema-instance"
       xmlns:context="http://www.springframework.org/schema/context"
       xmlns:p="http://www.springframework.org/schema/p"
       xmlns:tx="http://www.springframework.org/schema/tx"
       xmlns:aop="http://www.springframework.org/schema/aop" xmlns="http://www.springframework.org/schema/beans"
       xsi:schemaLocation="http://www.springframework.org/schema/beans http://www.springframework.org/schema/beans/spring-beans-4.0.xsd
               http://www.springframework.org/schema/context http://www.springframework.org/schema/context/spring-context-4.0.xsd
               http://www.springframework.org/schema/tx http://www.springframework.org/schema/tx/spring-tx-4.0.xsd http://www.springframework.org/schema/aop http://www.springframework.org/schema/aop/spring-aop.xsd">

    <!-- 配置自动扫描Spring注解的路径 -->
    <context:component-scan base-package="cn.edu.xmu.comm"/>

    <!-- 配置自动加载属性配置文件的路径 -->
    <context:property-placeholder location="classpath:jdbc.properties"/>

    <!-- 配置c3p0数据源 -->
    <bean id="dataSource" class="com.mchange.v2.c3p0.ComboPooledDataSource"
          destroy-method="close"
          p:driverClass="${jdbc.driverClassName}"
          p:jdbcUrl="${jdbc.url}"
          p:user="${jdbc.username}"
          p:password="${jdbc.password}"
          p:initialPoolSize="${c3p0.initialPoolSize}"
          p:minPoolSize="${c3p0.minPoolSize}"
          p:maxPoolSize="${c3p0.maxPoolSize}"
          p:maxIdleTime="${c3p0.maxIdleTime}"/>

    <!-- 配置数据源代理工厂 -->
    <bean id="sessionFactory" class="org.springframework.orm.hibernate4.LocalSessionFactoryBean"
          p:packagesToScan="cn.edu.xmu.comm.entity,cn.edu.xmu.comm.commons.persistence"
          p:dataSource-ref="dataSource">
        <property name="hibernateProperties">
            <props>
                <prop key="hibernate.dialect">${hibernate.dialect}</prop>
                <prop key="hibernate.show_sql">${hibernate.show_sql}</prop>
                <prop key="hibernate.format_sql">${hibernate.format_sql}</prop>
                <prop key="use_sql_comments">${hibernate.use_sql_comments}</prop>
                <prop key="hibernate.hbm2ddl.auto">${hibernate.hbm2ddl.auto}</prop>
                <prop key="hibernate.jdbc.fetch_size">${hibernate.jdbc.fetch_size}</prop>
                <prop key="hibernate.jdbc.batch_size">${hibernate.jdbc.batch_size}</prop>
                <prop key="hibernate.cache.use_second_level_cache">${hibernate.cache.use_second_level_cache}
                </prop>
                <prop key="hibernate.cache.use_query_cache">${hibernate.cache.use_query_cache}</prop>
                <prop key="hibernate.cache.region.factory_class">${hibernate.cache.region.factory_class}
                </prop>
            </props>
        </property>
    </bean>

    <!-- 配置事务管理器 -->
    <bean id="transactionManager" class="org.springframework.orm.hibernate4.HibernateTransactionManager"
          p:sessionFactory-ref="sessionFactory"/>

    <!-- 配置声明式事务-->
    <tx:annotation-driven transaction-manager="transactionManager" proxy-target-class="false"/>

    <aop:aspectj-autoproxy proxy-target-class="true"/>

</beans>