<?xml version="1.0" encoding="UTF-8"?>

<!DOCTYPE struts PUBLIC
        "-//Apache Software Foundation//DTD Struts Configuration 2.3//EN"
        "http://struts.apache.org/dtds/struts-2.3.dtd">

<struts>

    <package name="data" extends="json-default">

        <default-interceptor-ref name="basicStack"/>

        <global-results>
            <result type="json">
                <param name="root">data</param>
                <param name="excludeNullProperties">true</param>
            </result>
            <result name="login" type="redirect">/rememberMeLogin.do</result>
            <result name="unauthorized" type="redirect">/rememberMeLogin.do</result>
        </global-results>

        <action name="listComm" class="commListAction"/>
        <action name="listBuild" class="buildListAction"/>
        <action name="listDir" class="directorListAction"/>
        <action name="listOwner" class="ownerListAction"/>
        <action name="commNames" class="commNamesAction"/>
        <action name="buildNo" class="buildNoAction"/>
        <action name="floorNo" class="floorNoAction"/>
        <action name="listRoom" class="roomListAction"/>
        <action name="listStaff" class="staffListAction"/>
        <action name="tempParkingRegiste" class="tempParkingRegisteAction"/>
        <action name="vacantRoomNo" class="roomNoAction" method="vacant"/>
        <action name="nonVacantRoomNo" class="roomNoAction" method="noneVacant"/>
        <action name="ownerSearch" class="ownerSearchAction"/>
        <action name="deviceSearch" class="deviceSearchAction"/>
        <action name="roomInfo" class="roomInfoAction"/>
        <action name="unchargedParkBill" class="tempParkingUnchargedListAction"/>
        <action name="deviceList" class="deviceListAction"/>
        <action name="count" class="deviceCountAction"/>
        <action name="shareList" class="shareListAction"/>
        <action name="chargedParkBill" class="tempParkingChargedListAction"/>
        <action name="tempRegister" class="tempParkingRegisteAction"/>
        <action name="ownerByRoom" class="ownerByRoomAction"/>
        <action name="tempParkBillAdd" class="tempParkBillAddAction"/>
        <action name="listPark" class="parkingListAction"/>
        <action name="vacantPark" class="vacantParkAction"/>
        <action name="listCar" class="carListAction"/>
        <action name="listArrearage" class="arrearageListAction"/>
    </package>

</struts>