<?xml version="1.0" encoding="UTF-8"?>

<!DOCTYPE struts PUBLIC
        "-//Apache Software Foundation//DTD Struts Configuration 2.3//EN"
        "http://struts.apache.org/dtds/struts-2.3.dtd">
<struts>

    <package name="root" namespace="/" extends="default">

        <action name="rememberMeLogin" class="remLoginAction"/>

        <action name="login">
            <result>/WEB-INF/jsp/login.jsp</result>
        </action>

        <action name="doLogin" class="loginAction">
            <result name="input">login.do</result>
        </action>

        <action name="logout" class="logoutAction">
            <result>login.do</result>
        </action>

        <action name="admin" class="directAction" method="admin">
            <result>/WEB-INF/jsp/admin/home.jsp</result>
        </action>

        <action name="director" class="directAction" method="director">
            <result>/WEB-INF/jsp/director/home.jsp</result>
        </action>

        <action name="clerk" class="directAction" method="clerk">
            <result>/WEB-INF/jsp/clerk/home.jsp</result>
        </action>

        <action name="guard" class="directAction" method="guard">
            <result>/WEB-INF/jsp/guard/home.jsp</result>
        </action>

        <action name="owner" class="directAction" method="owner">
            <result>/WEB-INF/jsp/owner/home.jsp</result>
        </action>

        <action name="testBuildComm" class="testAction" method="testBuildComm">
            <result type="redirect">director.do</result>
        </action>

        <action name="testApllyGradients" class="testAction" method="testApllyGradients">
            <result type="redirect">director.do</result>
        </action>

        <action name="testAddOwner" class="testAction" method="addOwner">
            <result type="redirect">director.do</result>
        </action>

        <action name="testAddPark" class="testAction" method="addParkPlace">
            <result type="redirect">director.do</result>
        </action>

        <action name="generateValue" class="testAction" method="generateValue">
            <result type="redirect">director.do</result>
        </action>

        <action name="makePayment" class="testAction" method="makePament">
            <result type="redirect">director.do</result>
        </action>

    </package>

</struts>